<?xml version="1.0" encoding="UTF-8"?>
<project-private xmlns="http://www.netbeans.org/ns/project-private/1">
    <editor-bookmarks xmlns="http://www.netbeans.org/ns/editor-bookmarks/2" lastBookmarkId="0"/>
    <open-files xmlns="http://www.netbeans.org/ns/projectui-open-files/2">
        <group>
            <file>file:/E:/JDK%20+%20Netbeans%20Oracle/Product/src/product/Product.java</file>
            <file>file:/E:/JDK%20+%20Netbeans%20Oracle/Product/src/product/NewClass.java</file>
            <file>file:/E:/JDK%20+%20Netbeans%20Oracle/Product/src/product/NewJFrame.java</file>
        </group>
    </open-files>
</project-private>
